ride_id,driver_id,distance_km,fare_usd,ride_type,city,timestamp
1,1004,23.720801134969857,48.69682274085319,standard,Lima,2025-01-01 00:00:00
2,1008,11.318553667558222,37.090615146647636,pool,Toronto,2025-01-01 00:01:00
3,1024,18.901541529870954,37.89968065283836,pool,Lima,2025-01-01 00:02:00
4,1023,18.39587599063502,17.781345011684078,premium,Seoul,2025-01-01 00:03:00
5,1046,11.956951445765725,51.81346947268707,pool,Lima,2025-01-01 00:04:00
6,1004,24.562408413483148,70.00609741047236,pool,Berlin,2025-01-01 00:05:00
7,1031,18.855983406813884,30.98791587837819,premium,Nairobi,2025-01-01 00:06:00
8,1007,19.97361763850801,10.104581370003153,standard,Lima,2025-01-01 00:07:00
9,1043,23.37878940121698,19.32932461411591,premium,Lima,2025-01-01 00:08:00
10,1004,23.7419541488453,43.26612259569392,standard,Lima,2025-01-01 00:09:00
11,1040,22.38064692555901,51.22304356592312,standard,Toronto,2025-01-01 00:10:00
12,1030,7.121741752110873,65.84632225121874,pool,Lima,2025-01-01 00:11:00
13,1040,15.22220704688496,61.892759653325825,pool,Seoul,2025-01-01 00:12:00
14,1012,3.0827952534287704,43.002061499440764,premium,Seoul,2025-01-01 00:13:00
15,1005,11.37970122401208,54.52218128504276,pool,Lima,2025-01-01 00:14:00
16,1004,8.26263828627894,39.193443237415785,pool,Nairobi,2025-01-01 00:15:00
17,1023,8.055811985028082,68.37368550358418,premium,Nairobi,2025-01-01 00:16:00
18,1005,9.693011690663743,16.100610807863326,standard,Nairobi,2025-01-01 00:17:00
19,1003,9.26382171012732,16.28328904369123,premium,Seoul,2025-01-01 00:18:00
20,1018,15.746401276566614,5.034443807326734,standard,Berlin,2025-01-01 00:19:00
21,1010,25.910383381241388,34.13652836409051,standard,Seoul,2025-01-01 00:20:00
22,1030,16.882373410869626,32.49786475508429,pool,Seoul,2025-01-01 00:21:00
23,1048,29.620016357467165,15.68411803160858,standard,Nairobi,2025-01-01 00:22:00
24,1043,26.34242228392254,39.9922216357697,premium,Lima,2025-01-01 00:23:00
25,1011,23.849220668269833,42.945237984443054,premium,Nairobi,2025-01-01 00:24:00
26,1046,12.487937662360688,71.08491975289859,standard,Berlin,2025-01-01 00:25:00
27,1019,28.2516965322218,43.28716610592509,pool,Lima,2025-01-01 00:26:00
28,1009,9.327399166528613,35.48174898712347,pool,Berlin,2025-01-01 00:27:00
29,1049,22.135155491229394,42.969325035853046,standard,Nairobi,2025-01-01 00:28:00
30,1048,16.963085600636933,14.410448222629284,premium,Toronto,2025-01-01 00:29:00
31,1039,17.37719390335256,17.237102610824152,standard,Lima,2025-01-01 00:30:00
32,1048,28.391341951269762,55.14139010984312,pool,Lima,2025-01-01 00:31:00
33,1000,20.74676176409708,10.063350421064381,premium,Toronto,2025-01-01 00:32:00
34,1034,17.65554082507561,21.18255131667541,standard,Toronto,2025-01-01 00:33:00
35,1026,6.879866550588484,35.61009628516277,standard,Lima,2025-01-01 00:34:00
36,1011,28.941222040701426,43.066556485020186,premium,Nairobi,2025-01-01 00:35:00
37,1050,23.469532500143977,28.923354570314388,pool,Nairobi,2025-01-01 00:36:00
38,1032,11.116337551535143,24.638053669825137,pool,Toronto,2025-01-01 00:37:00
39,1006,17.477526027188052,44.700736927710295,premium,Nairobi,2025-01-01 00:38:00
40,1022,24.367375450109893,29.627389346676917,standard,Nairobi,2025-01-01 00:39:00
41,1014,15.109125296823855,37.820280995231855,standard,Lima,2025-01-01 00:40:00
42,1040,26.581578892322636,20.721606054824687,standard,Berlin,2025-01-01 00:41:00
43,1047,13.857017961528358,73.62298241760747,premium,Lima,2025-01-01 00:42:00
44,1035,21.134571520850727,35.470518423945016,standard,Toronto,2025-01-01 00:43:00
45,1004,14.807951708312924,34.819701650917594,premium,Seoul,2025-01-01 00:44:00
46,1036,18.85155464805621,12.325511566704886,premium,Seoul,2025-01-01 00:45:00
47,1028,15.294430765289778,72.29497355451,standard,Seoul,2025-01-01 00:46:00
48,1042,6.981249027582663,58.81653029250235,standard,Lima,2025-01-01 00:47:00
49,1042,29.852818817863714,36.705002982623995,pool,Lima,2025-01-01 00:48:00
50,1005,24.05265119575736,33.48967477898992,pool,Berlin,2025-01-01 00:49:00
51,1028,1.5623046017616717,69.68099156133682,standard,Toronto,2025-01-01 00:50:00
52,1009,9.371244211395247,10.128912394781867,premium,Toronto,2025-01-01 00:51:00
53,1017,17.437927079888297,60.40836683302909,standard,Toronto,2025-01-01 00:52:00
54,1033,12.040448878094496,27.42110078036715,premium,Berlin,2025-01-01 00:53:00
55,1013,9.843783046174783,13.219106655226987,premium,Berlin,2025-01-01 00:54:00
56,1008,3.0163017560271443,15.121405520277264,pool,Seoul,2025-01-01 00:55:00
57,1030,1.6904250536204666,59.17058652163394,premium,Nairobi,2025-01-01 00:56:00
58,1008,14.095209798362461,27.243193434481242,pool,Seoul,2025-01-01 00:57:00
59,1029,23.57391175595443,19.447633509936434,pool,Lima,2025-01-01 00:58:00
60,1000,1.7098748742454726,72.5601513069776,pool,Berlin,2025-01-01 00:59:00
61,1023,17.37767894207429,17.233714214316663,premium,Nairobi,2025-01-01 01:00:00
62,1027,16.840134225181593,9.402979108740103,pool,Berlin,2025-01-01 01:01:00
63,1026,13.591996058578045,61.176971895157656,pool,Lima,2025-01-01 01:02:00
64,1021,10.737249004813771,38.38514302955348,standard,Seoul,2025-01-01 01:03:00
65,1019,17.221641235343885,25.13626790622705,standard,Lima,2025-01-01 01:04:00
66,1041,23.959437792848313,20.98944465395559,premium,Toronto,2025-01-01 01:05:00
67,1013,11.24991933548116,48.749786020843224,premium,Lima,2025-01-01 01:06:00
68,1012,29.81800916130581,50.51143501866782,standard,Toronto,2025-01-01 01:07:00
69,1050,17.033274991796052,43.44209365558856,standard,Toronto,2025-01-01 01:08:00
70,1003,26.228595369112153,28.37209918537971,pool,Seoul,2025-01-01 01:09:00
71,1013,16.305532388583767,71.5373167190103,premium,Toronto,2025-01-01 01:10:00
72,1014,4.046772965504713,38.98273789610434,premium,Nairobi,2025-01-01 01:11:00
73,1004,11.687527244116575,69.27950282475454,pool,Lima,2025-01-01 01:12:00
74,1022,2.5518299444033956,44.02848979293036,pool,Nairobi,2025-01-01 01:13:00
75,1036,3.492743122950213,47.479682410193064,premium,Lima,2025-01-01 01:14:00
76,1044,13.127215120349375,57.95390793541928,pool,Berlin,2025-01-01 01:15:00
77,1043,20.756955718925383,44.83691849274142,premium,Seoul,2025-01-01 01:16:00
78,1044,3.994614437929244,48.8526450132911,standard,Seoul,2025-01-01 01:17:00
79,1006,12.934134993348064,37.20552336634112,pool,Toronto,2025-01-01 01:18:00
80,1009,8.09494883262861,10.180550694751995,standard,Seoul,2025-01-01 01:19:00
81,1016,9.62147394587492,44.7794544324654,premium,Berlin,2025-01-01 01:20:00
82,1037,16.68861043826047,13.720440143928341,standard,Lima,2025-01-01 01:21:00
83,1013,17.224807710371792,60.825602657648446,standard,Nairobi,2025-01-01 01:22:00
84,1006,19.101179315488185,32.6105557756499,pool,Berlin,2025-01-01 01:23:00
85,1050,5.456891352910863,73.53408780892893,pool,Toronto,2025-01-01 01:24:00
86,1010,29.19634961495527,18.93363967311212,premium,Berlin,2025-01-01 01:25:00
87,1023,23.664953932356447,7.633409075463337,premium,Lima,2025-01-01 01:26:00
88,1032,16.977730719932868,74.25854166212417,premium,Berlin,2025-01-01 01:27:00
89,1034,9.117369676643658,20.335592735651986,pool,Lima,2025-01-01 01:28:00
90,1015,17.745297501935546,56.225497739062746,standard,Lima,2025-01-01 01:29:00
91,1025,14.3656337739337,57.91597078564246,standard,Seoul,2025-01-01 01:30:00
92,1025,24.69331376169407,65.27417797071459,premium,Berlin,2025-01-01 01:31:00
93,1000,21.986044063052272,67.30311467574816,standard,Seoul,2025-01-01 01:32:00
94,1025,3.012907748800848,58.66300156001314,pool,Lima,2025-01-01 01:33:00
95,1012,10.709250140063064,27.741266363561103,standard,Nairobi,2025-01-01 01:34:00
96,1044,27.695847851878057,31.989192312987576,standard,Seoul,2025-01-01 01:35:00
97,1031,13.400530279646075,31.90905866735253,standard,Toronto,2025-01-01 01:36:00
98,1000,3.125139865868656,65.12737239192793,premium,Lima,2025-01-01 01:37:00
99,1011,15.98143210824659,21.432563316647222,standard,Toronto,2025-01-01 01:38:00
100,1013,2.627194020884094,33.39796683230787,pool,Berlin,2025-01-01 01:39:00
101,1022,4.945707554188459,20.97996393219391,pool,Seoul,2025-01-01 01:40:00
102,1013,2.3833256483722605,47.774161172029736,pool,Nairobi,2025-01-01 01:41:00
103,1049,4.156144702857659,49.051039296411396,pool,Berlin,2025-01-01 01:42:00
104,1014,27.577982128094156,5.237220104551632,standard,Toronto,2025-01-01 01:43:00
105,1018,23.36363460344684,14.44610515099468,standard,Nairobi,2025-01-01 01:44:00
106,1022,12.257504000805461,22.054328852058507,pool,Nairobi,2025-01-01 01:45:00
107,1030,9.675886338184625,65.2909984866741,premium,Nairobi,2025-01-01 01:46:00
108,1000,9.616228298477699,34.2754742661592,pool,Lima,2025-01-01 01:47:00
109,1021,26.60917952366027,22.662682248696072,pool,Nairobi,2025-01-01 01:48:00
110,1041,2.291397961053171,48.075381512444686,premium,Seoul,2025-01-01 01:49:00
111,1019,13.78345259247077,57.25481191699448,premium,Berlin,2025-01-01 01:50:00
112,1008,8.98353092533479,24.329900957113633,premium,Berlin,2025-01-01 01:51:00
113,1033,4.5623910286766645,59.515817104716305,premium,Nairobi,2025-01-01 01:52:00
114,1028,7.182645547095647,52.88986561556714,premium,Seoul,2025-01-01 01:53:00
115,1040,25.492455320025282,50.064132551429296,pool,Nairobi,2025-01-01 01:54:00
116,1038,26.058652761985858,22.394947033066565,standard,Lima,2025-01-01 01:55:00
117,1017,9.364392173314558,42.99240504166382,standard,Toronto,2025-01-01 01:56:00
118,1044,5.1238030162406085,14.151742368213581,premium,Toronto,2025-01-01 01:57:00
119,1013,8.810994189000354,21.39199125506883,standard,Lima,2025-01-01 01:58:00
120,1038,26.16222826841365,13.254466229338714,premium,Nairobi,2025-01-01 01:59:00
121,1024,14.566174470131422,63.93606062687451,pool,Toronto,2025-01-01 02:00:00
122,1038,11.658029127932407,8.068734608639717,premium,Seoul,2025-01-01 02:01:00
123,1030,10.041628870760249,47.08124850132001,standard,Seoul,2025-01-01 02:02:00
124,1038,21.989206519798802,51.94891392032683,premium,Toronto,2025-01-01 02:03:00
125,1044,12.797744679351627,49.00685971641701,pool,Seoul,2025-01-01 02:04:00
126,1027,23.522501395068492,65.20473821747943,pool,Berlin,2025-01-01 02:05:00
127,1037,10.60045093943508,20.481112381442788,standard,Seoul,2025-01-01 02:06:00
128,1022,1.1691221866900237,23.033177829135425,premium,Lima,2025-01-01 02:07:00
129,1009,25.172433493691905,64.25232609842394,standard,Berlin,2025-01-01 02:08:00
130,1041,5.495016224069199,45.367952867730345,pool,Seoul,2025-01-01 02:09:00
131,1026,28.80727755973309,6.271933153250196,pool,Nairobi,2025-01-01 02:10:00
132,1032,25.675295982951063,43.34191705725354,standard,Toronto,2025-01-01 02:11:00
133,1035,21.635953747214355,69.12547553787836,premium,Lima,2025-01-01 02:12:00
134,1035,14.130142395121498,39.30300788576869,pool,Berlin,2025-01-01 02:13:00
135,1041,23.3798635155229,53.640270484715785,premium,Toronto,2025-01-01 02:14:00
136,1013,23.317114085066265,68.0370099698699,pool,Seoul,2025-01-01 02:15:00
137,1021,16.0506442248226,49.27997319713958,premium,Seoul,2025-01-01 02:16:00
138,1044,20.64862611961088,60.62226407985578,premium,Seoul,2025-01-01 02:17:00
139,1022,4.070157497495823,71.58668109270384,standard,Lima,2025-01-01 02:18:00
140,1030,6.669651274822599,26.55335714173062,standard,Berlin,2025-01-01 02:19:00
141,1033,27.007445827129487,32.60408171854004,standard,Seoul,2025-01-01 02:20:00
142,1026,22.460110718143667,45.61821468759952,pool,Nairobi,2025-01-01 02:21:00
143,1026,1.6895866866731715,62.57920925206198,premium,Toronto,2025-01-01 02:22:00
144,1047,14.522902982159497,32.03181075869972,standard,Berlin,2025-01-01 02:23:00
145,1047,16.06890689246582,73.8094351709621,premium,Seoul,2025-01-01 02:24:00
146,1019,6.522724852644516,67.48079853083502,standard,Nairobi,2025-01-01 02:25:00
147,1031,12.565472131348802,67.78995097604826,premium,Lima,2025-01-01 02:26:00
148,1016,8.001934582905808,10.69700427806826,standard,Nairobi,2025-01-01 02:27:00
149,1015,1.3214153796645354,58.90144787277511,pool,Berlin,2025-01-01 02:28:00
150,1032,2.6527266083284413,44.76262988323517,standard,Lima,2025-01-01 02:29:00
151,1019,25.35519153243881,24.515238955353702,pool,Berlin,2025-01-01 02:30:00
152,1024,11.606888740347317,70.28695360443801,standard,Nairobi,2025-01-01 02:31:00
153,1011,18.43407221975208,68.98521484727593,pool,Toronto,2025-01-01 02:32:00
154,1028,26.384237588117287,68.84038362700981,premium,Nairobi,2025-01-01 02:33:00
155,1012,19.033455668420814,73.14705455969779,standard,Lima,2025-01-01 02:34:00
156,1001,1.2470485215165867,64.44109256717121,pool,Berlin,2025-01-01 02:35:00
157,1028,18.194819295121338,60.835990625262845,pool,Lima,2025-01-01 02:36:00
158,1043,6.496852007615345,51.568379879227244,pool,Toronto,2025-01-01 02:37:00
159,1015,3.5732672255144404,16.18328988964297,standard,Nairobi,2025-01-01 02:38:00
160,1048,22.518654389443885,47.0557321686741,standard,Nairobi,2025-01-01 02:39:00
161,1013,29.09081192129251,68.10672128164825,premium,Toronto,2025-01-01 02:40:00
162,1048,3.749231547133861,43.37031383459718,premium,Berlin,2025-01-01 02:41:00
163,1027,21.8325769138062,57.464949175559624,standard,Toronto,2025-01-01 02:42:00
164,1040,18.241370299946013,28.226938902614158,pool,Lima,2025-01-01 02:43:00
165,1024,14.888299040989184,71.24527536020052,pool,Toronto,2025-01-01 02:44:00
166,1050,25.156757312556877,72.56905006965196,standard,Seoul,2025-01-01 02:45:00
167,1012,2.776886324273101,50.27093601716981,pool,Seoul,2025-01-01 02:46:00
168,1022,9.680672284834142,57.073893937800705,pool,Nairobi,2025-01-01 02:47:00
169,1007,7.099049047986088,14.311077955606738,standard,Toronto,2025-01-01 02:48:00
170,1020,21.039997877381396,74.32867133152926,standard,Lima,2025-01-01 02:49:00
171,1020,10.533126826336597,51.202660300573726,premium,Nairobi,2025-01-01 02:50:00
172,1026,1.4291107520063533,67.595604858624,pool,Lima,2025-01-01 02:51:00
173,1046,20.69311453858066,40.935563046302846,standard,Lima,2025-01-01 02:52:00
174,1006,2.77966987349572,38.1628878895032,standard,Toronto,2025-01-01 02:53:00
175,1041,27.176569623956535,50.06021919819701,pool,Toronto,2025-01-01 02:54:00
176,1041,2.860976628968783,18.69666927774498,pool,Seoul,2025-01-01 02:55:00
177,1021,13.110151032809075,5.286985181255926,pool,Lima,2025-01-01 02:56:00
178,1014,18.623502332985144,57.790524965244,pool,Seoul,2025-01-01 02:57:00
179,1031,11.463578246194636,64.37504226716293,standard,Berlin,2025-01-01 02:58:00
180,1005,18.17634552012951,38.73018177916569,standard,Toronto,2025-01-01 02:59:00
181,1046,29.382558578123223,9.547231368908246,standard,Lima,2025-01-01 03:00:00
182,1039,8.218054652945767,48.68137999447476,pool,Seoul,2025-01-01 03:01:00
183,1022,21.533043759518566,70.15734056510875,premium,Seoul,2025-01-01 03:02:00
184,1006,27.404840640121346,74.98672749683516,standard,Lima,2025-01-01 03:03:00
185,1021,28.537671596338157,20.706226482443057,premium,Nairobi,2025-01-01 03:04:00
186,1001,22.087333250281873,32.12373632683152,pool,Lima,2025-01-01 03:05:00
187,1002,11.158696753261323,10.677212934054527,premium,Seoul,2025-01-01 03:06:00
188,1039,7.732462798907598,74.16144929543269,pool,Berlin,2025-01-01 03:07:00
189,1040,11.004031729049304,58.44216007324493,standard,Berlin,2025-01-01 03:08:00
190,1026,28.928129321591054,14.832824194767548,standard,Lima,2025-01-01 03:09:00
191,1014,13.490714224324607,26.184749492838243,premium,Berlin,2025-01-01 03:10:00
192,1045,13.371870076060212,36.41558760280891,premium,Seoul,2025-01-01 03:11:00
193,1034,8.435507476203293,36.31503507792259,premium,Nairobi,2025-01-01 03:12:00
194,1037,26.261787490635616,37.13814017808222,standard,Berlin,2025-01-01 03:13:00
195,1002,7.260458847710522,55.53465004925816,standard,Nairobi,2025-01-01 03:14:00
196,1028,20.875147527243563,11.304198942772068,standard,Lima,2025-01-01 03:15:00
197,1010,11.658750642256951,23.485366206963075,pool,Lima,2025-01-01 03:16:00
198,1010,18.202777164998384,36.350346592148654,standard,Lima,2025-01-01 03:17:00
199,1048,1.4432075328481808,9.63154852846927,premium,Berlin,2025-01-01 03:18:00
200,1046,1.0949187983373254,56.45288309098867,pool,Berlin,2025-01-01 03:19:00
201,1002,3.3741844824190625,68.89334473819684,premium,Berlin,2025-01-01 03:20:00
202,1046,26.370629529756705,66.36089189249275,pool,Seoul,2025-01-01 03:21:00
203,1038,25.60050837803188,72.92551875855216,premium,Seoul,2025-01-01 03:22:00
204,1005,8.580101982461544,73.41616653874354,premium,Lima,2025-01-01 03:23:00
205,1044,11.310129027572465,39.04670038902658,pool,Toronto,2025-01-01 03:24:00
206,1023,15.25409950547672,42.65251323926674,pool,Toronto,2025-01-01 03:25:00
207,1037,11.83084546635355,73.16744249484395,premium,Toronto,2025-01-01 03:26:00
208,1047,10.796386354008288,61.58461550285522,standard,Lima,2025-01-01 03:27:00
209,1027,6.974739137904515,22.828918922679463,premium,Nairobi,2025-01-01 03:28:00
210,1002,7.244675135639387,18.811771623158855,pool,Seoul,2025-01-01 03:29:00
211,1037,18.678902009710953,68.01571234291012,pool,Seoul,2025-01-01 03:30:00
212,1031,19.163655847185865,35.49284887108664,premium,Seoul,2025-01-01 03:31:00
213,1019,10.205475713935359,21.881325312553397,standard,Nairobi,2025-01-01 03:32:00
214,1038,9.107561608667535,65.54287408347915,pool,Lima,2025-01-01 03:33:00
215,1006,16.848041030231578,7.98988069326297,standard,Toronto,2025-01-01 03:34:00
216,1004,2.6065786663319996,16.848530741248283,premium,Toronto,2025-01-01 03:35:00
217,1045,19.81567594227911,57.83475488363128,standard,Berlin,2025-01-01 03:36:00
218,1026,11.901843200659235,25.605400951832998,standard,Toronto,2025-01-01 03:37:00
219,1025,29.42568875675954,46.329378903743844,premium,Toronto,2025-01-01 03:38:00
220,1033,14.630434423663932,39.95240221062521,standard,Berlin,2025-01-01 03:39:00
221,1036,9.354557447334424,27.036361197607206,standard,Lima,2025-01-01 03:40:00
222,1047,27.924527769478296,8.29455558955394,pool,Berlin,2025-01-01 03:41:00
223,1033,1.7368136148394082,67.09684145445885,standard,Nairobi,2025-01-01 03:42:00
224,1010,5.6459744733689,11.782834445290996,premium,Berlin,2025-01-01 03:43:00
225,1015,17.315927259807573,5.11183062167315,pool,Toronto,2025-01-01 03:44:00
226,1041,18.13375688737248,17.51241533901017,premium,Berlin,2025-01-01 03:45:00
227,1022,19.05450816235918,22.292940350194993,premium,Seoul,2025-01-01 03:46:00
228,1023,26.66683887592547,60.381076168680416,premium,Seoul,2025-01-01 03:47:00
229,1048,11.489802868211626,71.32440272700678,standard,Berlin,2025-01-01 03:48:00
230,1048,15.03793766841656,28.65964306317825,pool,Nairobi,2025-01-01 03:49:00
231,1000,23.8164137213111,30.764884505079092,premium,Berlin,2025-01-01 03:50:00
232,1049,7.980384378517217,28.171141197635947,standard,Lima,2025-01-01 03:51:00
233,1019,9.827934730395494,68.94417209765302,pool,Lima,2025-01-01 03:52:00
234,1005,14.037116665187138,74.82452059075163,premium,Lima,2025-01-01 03:53:00
235,1031,4.643089886237735,15.544146986498102,premium,Toronto,2025-01-01 03:54:00
236,1019,15.70522246663278,29.833349350585745,premium,Nairobi,2025-01-01 03:55:00
237,1036,13.555560594112166,33.58095424215854,standard,Lima,2025-01-01 03:56:00
238,1005,3.865504675976843,51.0799855791487,premium,Toronto,2025-01-01 03:57:00
239,1003,26.73639423757141,34.29622900292981,premium,Nairobi,2025-01-01 03:58:00
240,1045,10.784247672449284,53.87231340417928,standard,Nairobi,2025-01-01 03:59:00
241,1016,24.9933079140612,49.32928865949767,pool,Seoul,2025-01-01 04:00:00
242,1049,11.10935069861724,43.290470868103995,premium,Nairobi,2025-01-01 04:01:00
243,1012,23.05226833665264,71.80528761821576,standard,Nairobi,2025-01-01 04:02:00
244,1000,24.817709061814995,46.563567580196185,standard,Lima,2025-01-01 04:03:00
245,1008,16.302544207023203,5.856745519916028,premium,Lima,2025-01-01 04:04:00
246,1004,20.779509161789615,61.33076268112143,standard,Seoul,2025-01-01 04:05:00
247,1025,23.392203570945597,42.46890074653576,premium,Lima,2025-01-01 04:06:00
248,1040,3.150082090926957,74.28180665003575,standard,Berlin,2025-01-01 04:07:00
249,1012,1.375696928117625,26.241524975651096,premium,Lima,2025-01-01 04:08:00
250,1044,13.294616888292051,66.86451270311821,premium,Seoul,2025-01-01 04:09:00
251,1048,11.47221477945462,59.1206503511914,standard,Toronto,2025-01-01 04:10:00
252,1042,20.058109169899033,74.456522456764,pool,Seoul,2025-01-01 04:11:00
253,1028,4.904256587348395,51.10878470702191,pool,Seoul,2025-01-01 04:12:00
254,1005,22.250386534460695,10.372917617519832,premium,Seoul,2025-01-01 04:13:00
255,1004,24.927267152489748,34.48641814831203,pool,Lima,2025-01-01 04:14:00
256,1013,18.080861606365502,34.81517951113788,premium,Lima,2025-01-01 04:15:00
257,1023,15.76272598065718,27.487153085637022,standard,Nairobi,2025-01-01 04:16:00
258,1024,14.328369836113366,66.19634598693919,pool,Lima,2025-01-01 04:17:00
259,1011,27.869501835920552,23.658170586127124,standard,Toronto,2025-01-01 04:18:00
260,1042,4.51020032222489,71.25312918434166,pool,Lima,2025-01-01 04:19:00
261,1033,17.253500313688985,66.10574916879172,premium,Toronto,2025-01-01 04:20:00
262,1000,14.742932324141451,21.199364380664292,standard,Toronto,2025-01-01 04:21:00
263,1024,28.40651116177564,35.892718939953966,premium,Berlin,2025-01-01 04:22:00
264,1008,5.941374963825207,8.212069054546703,standard,Berlin,2025-01-01 04:23:00
265,1042,22.426813933846628,57.50154903155116,pool,Seoul,2025-01-01 04:24:00
266,1046,28.894433836468338,65.60538214820097,pool,Nairobi,2025-01-01 04:25:00
267,1021,27.844399126855528,28.405048870438073,pool,Toronto,2025-01-01 04:26:00
268,1030,20.615243836569753,70.35406885956802,pool,Lima,2025-01-01 04:27:00
269,1050,10.807504102149528,25.758491527246797,pool,Lima,2025-01-01 04:28:00
270,1003,2.0926240291939133,42.35975836579987,premium,Lima,2025-01-01 04:29:00
271,1031,19.360909576333675,60.18516612859928,premium,Seoul,2025-01-01 04:30:00
272,1038,23.113915065967777,72.33317408115838,standard,Seoul,2025-01-01 04:31:00
273,1039,27.785182146921663,34.839037806489515,premium,Seoul,2025-01-01 04:32:00
274,1035,3.1979431290530904,23.168919741065277,premium,Toronto,2025-01-01 04:33:00
275,1008,28.811830361132152,15.684030704934534,premium,Nairobi,2025-01-01 04:34:00
276,1022,8.023479847237045,62.4784258471643,pool,Toronto,2025-01-01 04:35:00
277,1016,24.29379351211712,67.09444444075591,standard,Toronto,2025-01-01 04:36:00
278,1001,5.615634201391897,48.520854368198385,standard,Toronto,2025-01-01 04:37:00
279,1003,3.9966478829074927,74.04206985847937,premium,Toronto,2025-01-01 04:38:00
280,1029,1.570044394915199,61.89382467524239,standard,Seoul,2025-01-01 04:39:00
281,1028,27.201236163239106,22.988167261974287,pool,Lima,2025-01-01 04:40:00
282,1038,2.6869077199002964,46.95487095854214,premium,Seoul,2025-01-01 04:41:00
283,1013,20.930534864654113,61.264663307114546,standard,Nairobi,2025-01-01 04:42:00
284,1014,29.8368613105379,21.734873563854578,premium,Lima,2025-01-01 04:43:00
285,1044,20.097607214670457,69.3364573686571,standard,Berlin,2025-01-01 04:44:00
286,1048,10.641012852957118,37.78198585301284,premium,Lima,2025-01-01 04:45:00
287,1032,1.086232440443476,42.50417767295631,standard,Nairobi,2025-01-01 04:46:00
288,1002,28.882390898840182,49.287643521028656,pool,Toronto,2025-01-01 04:47:00
289,1033,3.5562872252661464,69.10345388307948,pool,Berlin,2025-01-01 04:48:00
290,1047,14.262780991880637,21.15004923702832,standard,Lima,2025-01-01 04:49:00
291,1028,27.44431990864625,24.384277928256537,premium,Seoul,2025-01-01 04:50:00
292,1015,21.49386136073924,70.63287251048179,premium,Nairobi,2025-01-01 04:51:00
293,1041,5.204573959770161,56.89980094583165,pool,Lima,2025-01-01 04:52:00
294,1018,29.815323344289872,65.97617460440485,standard,Lima,2025-01-01 04:53:00
295,1049,5.829648815821486,43.527396296062115,standard,Toronto,2025-01-01 04:54:00
296,1034,12.125979435883474,8.152669694831594,standard,Berlin,2025-01-01 04:55:00
297,1013,19.959227956377486,67.67555488493662,standard,Berlin,2025-01-01 04:56:00
298,1029,2.9805993571979608,70.07673654075208,standard,Berlin,2025-01-01 04:57:00
299,1007,20.47003908878623,34.704531177013074,premium,Seoul,2025-01-01 04:58:00
300,1006,24.421060499882852,61.90416159019682,pool,Seoul,2025-01-01 04:59:00
301,1004,20.343847089821328,17.199545821939207,standard,Nairobi,2025-01-01 05:00:00
302,1037,1.7349467021096876,37.644549252902465,standard,Seoul,2025-01-01 05:01:00
303,1034,18.021924484527688,19.49997603186871,pool,Berlin,2025-01-01 05:02:00
304,1040,3.3551247129824597,25.573219536815852,pool,Lima,2025-01-01 05:03:00
305,1028,18.328655633251078,14.565264419507733,pool,Lima,2025-01-01 05:04:00
306,1019,16.69013060878121,32.05701995215656,pool,Nairobi,2025-01-01 05:05:00
307,1016,28.256488889012868,61.8599002757023,pool,Seoul,2025-01-01 05:06:00
308,1040,24.414621049401894,54.47158094927923,pool,Toronto,2025-01-01 05:07:00
309,1003,1.1188026263870263,34.14388572399732,standard,Toronto,2025-01-01 05:08:00
310,1002,8.557742701000503,24.20518395336965,premium,Nairobi,2025-01-01 05:09:00
311,1039,5.7104591758293175,69.86476517909783,pool,Berlin,2025-01-01 05:10:00
312,1011,27.28874557492885,74.69630549338926,pool,Toronto,2025-01-01 05:11:00
313,1027,24.39965761748096,51.23577817096673,pool,Nairobi,2025-01-01 05:12:00
314,1049,12.33241411511606,35.14163031595159,standard,Seoul,2025-01-01 05:13:00
315,1045,1.6416715677847051,13.398682523212834,pool,Berlin,2025-01-01 05:14:00
316,1036,3.3203640731144843,27.223792841475902,standard,Berlin,2025-01-01 05:15:00
317,1017,16.031476173160705,55.22310757434713,pool,Seoul,2025-01-01 05:16:00
318,1040,21.303399871125293,61.30179983121335,pool,Berlin,2025-01-01 05:17:00
319,1015,3.7930706003094223,6.675736463315165,standard,Nairobi,2025-01-01 05:18:00
320,1017,10.831734566216172,62.176176123366645,standard,Nairobi,2025-01-01 05:19:00
321,1008,13.886147827518673,64.12784274014285,standard,Lima,2025-01-01 05:20:00
322,1026,1.4680567998706384,56.05574198164458,premium,Seoul,2025-01-01 05:21:00
323,1003,7.080716800518797,66.05168766132329,premium,Toronto,2025-01-01 05:22:00
324,1029,13.63810009791455,42.731378294189575,pool,Seoul,2025-01-01 05:23:00
325,1028,8.594202473185831,36.23469139545571,standard,Seoul,2025-01-01 05:24:00
326,1045,6.4296609937496765,70.72768043729494,premium,Lima,2025-01-01 05:25:00
327,1041,19.639477810839715,72.3331512421313,pool,Berlin,2025-01-01 05:26:00
328,1013,12.634350406236303,48.92491540865949,premium,Lima,2025-01-01 05:27:00
329,1020,8.484323286001247,25.84002425316697,pool,Berlin,2025-01-01 05:28:00
330,1011,3.5245862973196807,49.01582333821507,standard,Toronto,2025-01-01 05:29:00
331,1022,22.267981615781913,17.475902087614113,pool,Toronto,2025-01-01 05:30:00
332,1021,3.9881067132491115,64.02361965709892,standard,Berlin,2025-01-01 05:31:00
333,1043,12.965714597353475,30.465167817693214,pool,Berlin,2025-01-01 05:32:00
334,1036,10.336503011317927,70.23471213257805,pool,Toronto,2025-01-01 05:33:00
335,1043,4.139401674772557,73.02633172448651,pool,Lima,2025-01-01 05:34:00
336,1019,15.107568299164189,19.518402090085786,standard,Lima,2025-01-01 05:35:00
337,1010,9.480793279382326,49.90893607502917,pool,Seoul,2025-01-01 05:36:00
338,1024,14.780634159929383,50.91577630062885,pool,Nairobi,2025-01-01 05:37:00
339,1033,20.280202928036005,5.636879154920431,standard,Seoul,2025-01-01 05:38:00
340,1044,18.492142076949996,44.23387636811958,premium,Seoul,2025-01-01 05:39:00
341,1039,8.938721165590726,16.67810407141163,standard,Toronto,2025-01-01 05:40:00
342,1050,11.457016585667251,50.451322638811426,standard,Seoul,2025-01-01 05:41:00
343,1001,26.03933705447009,72.77208455033526,standard,Toronto,2025-01-01 05:42:00
344,1047,6.712537536640932,59.36226042180867,standard,Seoul,2025-01-01 05:43:00
345,1012,25.933521680313945,60.732943057934015,standard,Lima,2025-01-01 05:44:00
346,1007,11.395323050595792,21.122901039680563,pool,Nairobi,2025-01-01 05:45:00
347,1039,23.246711297850172,5.739438943285454,pool,Lima,2025-01-01 05:46:00
348,1013,24.63955024140331,18.506141691058083,standard,Lima,2025-01-01 05:47:00
349,1027,23.012669304964046,70.37728526503051,standard,Lima,2025-01-01 05:48:00
350,1034,8.677389574576235,24.699714944409973,premium,Berlin,2025-01-01 05:49:00
351,1000,10.983370087360822,66.44952382236485,premium,Seoul,2025-01-01 05:50:00
352,1045,12.553278831671939,55.63463799407437,standard,Berlin,2025-01-01 05:51:00
353,1039,29.460429790874606,6.5764782244900974,premium,Nairobi,2025-01-01 05:52:00
354,1039,22.4916709756553,67.44875178361428,pool,Seoul,2025-01-01 05:53:00
355,1017,8.531247824861916,72.07411627199242,pool,Toronto,2025-01-01 05:54:00
356,1000,13.082289230539727,70.06880780829611,premium,Lima,2025-01-01 05:55:00
357,1043,25.620713771072328,15.52014181943736,premium,Seoul,2025-01-01 05:56:00
358,1026,15.991690006489192,72.32582193812107,premium,Nairobi,2025-01-01 05:57:00
359,1030,6.452935561512104,74.99198185699203,standard,Seoul,2025-01-01 05:58:00
360,1027,6.886542450748381,38.69084150019721,pool,Toronto,2025-01-01 05:59:00
361,1014,15.350970038089903,37.54256479074641,premium,Berlin,2025-01-01 06:00:00
362,1014,7.9157996197620255,55.72571247905347,pool,Nairobi,2025-01-01 06:01:00
363,1026,10.912045110754185,54.05139844875979,pool,Nairobi,2025-01-01 06:02:00
364,1030,23.393206419900793,47.293909140851,premium,Toronto,2025-01-01 06:03:00
365,1048,24.878601177638345,74.38912731468953,pool,Lima,2025-01-01 06:04:00
366,1035,7.978452138493752,14.572710920682235,pool,Seoul,2025-01-01 06:05:00
367,1004,16.6623428119322,33.04039252548794,pool,Lima,2025-01-01 06:06:00
368,1027,23.118947479816704,33.67872693180877,premium,Lima,2025-01-01 06:07:00
369,1021,1.2056567056075411,48.65290098633212,standard,Lima,2025-01-01 06:08:00
370,1010,29.617779718823044,8.87929356116092,premium,Seoul,2025-01-01 06:09:00
371,1014,25.657591634611123,46.705837836290215,pool,Toronto,2025-01-01 06:10:00
372,1008,9.901755393521107,58.79544959118114,standard,Toronto,2025-01-01 06:11:00
373,1003,13.159736860658924,43.11100163065194,premium,Nairobi,2025-01-01 06:12:00
374,1046,26.239960577396836,27.157773147903622,premium,Berlin,2025-01-01 06:13:00
375,1033,17.70813050979459,57.04329485972026,premium,Toronto,2025-01-01 06:14:00
376,1024,28.30932527864421,38.16837439558981,premium,Lima,2025-01-01 06:15:00
377,1001,6.3342596819865085,66.26879374727362,standard,Seoul,2025-01-01 06:16:00
378,1035,28.016540868702872,63.129793750442325,pool,Toronto,2025-01-01 06:17:00
379,1006,1.0565398986069952,70.39967461643151,premium,Berlin,2025-01-01 06:18:00
380,1032,7.921845522935909,54.92736285265941,pool,Seoul,2025-01-01 06:19:00
381,1011,4.434557695850106,57.601120939825265,pool,Nairobi,2025-01-01 06:20:00
382,1016,15.759229852037205,61.9048527844859,premium,Lima,2025-01-01 06:21:00
383,1032,22.56816134296301,9.908517952914572,premium,Seoul,2025-01-01 06:22:00
384,1002,2.074563842560518,56.43386749058107,premium,Lima,2025-01-01 06:23:00
385,1035,28.3521720322941,46.89058388189768,premium,Nairobi,2025-01-01 06:24:00
386,1005,7.718908237425169,51.06223736958623,premium,Berlin,2025-01-01 06:25:00
387,1015,21.31079949068626,63.6613802342829,pool,Nairobi,2025-01-01 06:26:00
388,1045,19.920736246373302,22.12914577359426,premium,Nairobi,2025-01-01 06:27:00
389,1049,11.439428950810923,9.974166650750707,pool,Nairobi,2025-01-01 06:28:00
390,1019,23.586967636404985,20.729495359217502,pool,Toronto,2025-01-01 06:29:00
391,1032,14.35602848271741,10.203678723075571,standard,Nairobi,2025-01-01 06:30:00
392,1016,19.336991111629224,69.78923280623256,pool,Lima,2025-01-01 06:31:00
393,1003,2.0036225689649285,21.52391141814497,premium,Nairobi,2025-01-01 06:32:00
394,1047,25.414022213559544,14.214971240480448,pool,Berlin,2025-01-01 06:33:00
395,1026,15.417256491600584,59.350301232235125,pool,Lima,2025-01-01 06:34:00
396,1013,21.527671114729557,66.96058761592326,pool,Nairobi,2025-01-01 06:35:00
397,1019,4.124380752468282,23.183059908708657,pool,Seoul,2025-01-01 06:36:00
398,1045,18.003525850516017,72.3857468142848,premium,Seoul,2025-01-01 06:37:00
399,1011,16.159522923261306,72.73353847783814,premium,Seoul,2025-01-01 06:38:00
400,1028,24.44809224260333,19.151160286344094,premium,Lima,2025-01-01 06:39:00
401,1005,19.994463431087905,10.7495640914218,standard,Lima,2025-01-01 06:40:00
402,1006,6.713364776436975,72.50936839321525,premium,Berlin,2025-01-01 06:41:00
403,1040,5.207827547485881,63.030797425223135,pool,Lima,2025-01-01 06:42:00
404,1046,2.645875293000094,43.41800877311789,premium,Seoul,2025-01-01 06:43:00
405,1044,20.22571504636168,74.78073753501802,pool,Nairobi,2025-01-01 06:44:00
406,1006,10.836606013233295,69.28426597659461,premium,Nairobi,2025-01-01 06:45:00
407,1042,17.9464195406404,46.28437790915669,standard,Nairobi,2025-01-01 06:46:00
408,1015,7.284825581213827,62.93155804165835,premium,Toronto,2025-01-01 06:47:00
409,1012,4.050926796915578,6.237365407002015,premium,Berlin,2025-01-01 06:48:00
410,1030,17.91964065278655,6.25203900659962,standard,Toronto,2025-01-01 06:49:00
411,1022,26.249048207955813,50.59395164483122,pool,Lima,2025-01-01 06:50:00
412,1043,16.873301165912835,68.66291270085301,premium,Berlin,2025-01-01 06:51:00
413,1035,26.181397926805115,24.854707906765213,pool,Toronto,2025-01-01 06:52:00
414,1012,5.632444311118457,62.54698621767447,standard,Nairobi,2025-01-01 06:53:00
415,1047,14.284589536121024,61.73529735143426,pool,Nairobi,2025-01-01 06:54:00
416,1041,5.283895103813139,35.90517780866925,pool,Toronto,2025-01-01 06:55:00
417,1016,14.66804630070093,15.636971840213487,premium,Nairobi,2025-01-01 06:56:00
418,1005,10.626380970728107,25.65312415865509,standard,Berlin,2025-01-01 06:57:00
419,1032,29.535296417184384,41.79907103733177,pool,Seoul,2025-01-01 06:58:00
420,1008,20.999076233882146,14.4636031411885,standard,Toronto,2025-01-01 06:59:00
421,1044,17.437175789991,72.64789402458904,premium,Seoul,2025-01-01 07:00:00
422,1000,8.955991610714316,34.154431953783785,pool,Seoul,2025-01-01 07:01:00
423,1030,20.882705978955215,11.726098925928627,standard,Lima,2025-01-01 07:02:00
424,1028,2.9339679334072595,11.331847087301481,standard,Seoul,2025-01-01 07:03:00
425,1028,22.1822229148075,15.635711436395555,premium,Seoul,2025-01-01 07:04:00
426,1019,3.305979439818186,5.871836200687277,premium,Lima,2025-01-01 07:05:00
427,1039,17.7821016151433,63.68460464449696,standard,Nairobi,2025-01-01 07:06:00
428,1023,17.777072055883433,74.55650990173355,pool,Toronto,2025-01-01 07:07:00
429,1005,4.697562325815958,43.72100305273486,standard,Nairobi,2025-01-01 07:08:00
430,1019,8.511339838700067,57.685835103241054,premium,Toronto,2025-01-01 07:09:00
431,1043,18.940186614179936,16.4113875651538,pool,Lima,2025-01-01 07:10:00
432,1033,28.727558818225575,67.33897898104775,premium,Lima,2025-01-01 07:11:00
433,1018,13.854096310311213,71.8258782981895,premium,Toronto,2025-01-01 07:12:00
434,1043,9.032931393354797,73.9333936249896,pool,Nairobi,2025-01-01 07:13:00
435,1045,10.703664887159624,66.825461367777,premium,Lima,2025-01-01 07:14:00
436,1037,15.547428937048462,34.91242562150204,premium,Lima,2025-01-01 07:15:00
437,1048,7.024042210817949,38.78431822288697,premium,Lima,2025-01-01 07:16:00
438,1037,16.904227401635584,26.478099236682457,premium,Lima,2025-01-01 07:17:00
439,1033,15.61630552318664,13.144029290138977,pool,Toronto,2025-01-01 07:18:00
440,1020,29.004973238188942,31.60626384730173,standard,Nairobi,2025-01-01 07:19:00
441,1001,28.834488119030336,16.986790560945163,premium,Seoul,2025-01-01 07:20:00
442,1006,3.563224357864554,61.3029967948686,pool,Toronto,2025-01-01 07:21:00
443,1003,27.617949161051264,70.96895315066018,pool,Lima,2025-01-01 07:22:00
444,1042,4.391075705089649,29.433350985932268,standard,Berlin,2025-01-01 07:23:00
445,1015,13.1672036120683,35.34209636026455,pool,Nairobi,2025-01-01 07:24:00
446,1016,29.868737453312878,49.53061199737347,standard,Toronto,2025-01-01 07:25:00
447,1025,5.989016629410584,56.75982614769129,pool,Seoul,2025-01-01 07:26:00
448,1045,20.41235969299711,29.966880254698772,premium,Seoul,2025-01-01 07:27:00
449,1014,27.080909970120523,17.664034883453134,premium,Lima,2025-01-01 07:28:00
450,1003,18.389437040347378,73.83646091563187,standard,Seoul,2025-01-01 07:29:00
451,1049,2.2160768015596695,39.16857632584731,premium,Seoul,2025-01-01 07:30:00
452,1021,17.48239859513102,34.62552412386319,premium,Berlin,2025-01-01 07:31:00
453,1050,15.167559422146786,74.74156856118577,premium,Berlin,2025-01-01 07:32:00
454,1029,28.990006378540155,40.505186210229134,premium,Seoul,2025-01-01 07:33:00
455,1020,8.720738609034363,5.127934990547475,pool,Nairobi,2025-01-01 07:34:00
456,1020,27.008848196101773,7.13659696380723,pool,Toronto,2025-01-01 07:35:00
457,1050,2.861023768405425,65.00927432732314,premium,Nairobi,2025-01-01 07:36:00
458,1012,28.185535773872132,55.61425756613215,pool,Toronto,2025-01-01 07:37:00
459,1006,27.8450905439794,6.894830219761619,premium,Seoul,2025-01-01 07:38:00
460,1048,3.099395545695577,46.291499485053265,standard,Nairobi,2025-01-01 07:39:00
461,1005,14.448821300574215,13.64966526192762,pool,Lima,2025-01-01 07:40:00
462,1000,9.839977431802321,13.006420350992236,premium,Nairobi,2025-01-01 07:41:00
463,1016,11.623785538446112,42.38454147250738,standard,Seoul,2025-01-01 07:42:00
464,1021,3.37465942969064,24.437838647829423,standard,Nairobi,2025-01-01 07:43:00
465,1044,20.90559610599275,64.5532381647101,premium,Seoul,2025-01-01 07:44:00
466,1020,15.689701644937088,74.8109966923809,pool,Lima,2025-01-01 07:45:00
467,1045,23.962620038666245,27.3251502695893,standard,Lima,2025-01-01 07:46:00
468,1022,19.304934763569644,64.86334367289315,standard,Seoul,2025-01-01 07:47:00
469,1027,2.4147576098911703,61.644602395935,premium,Lima,2025-01-01 07:48:00
470,1019,2.165875313831833,40.39555215296087,pool,Lima,2025-01-01 07:49:00
471,1003,12.01807881505773,27.65026294228815,standard,Seoul,2025-01-01 07:50:00
472,1044,12.257706492467033,43.743795883580184,pool,Lima,2025-01-01 07:51:00
473,1011,1.47232728770821,45.77430426933256,pool,Lima,2025-01-01 07:52:00
474,1049,24.05442978227949,57.10201279691408,premium,Seoul,2025-01-01 07:53:00
475,1000,10.395570370147139,10.704668895718507,premium,Berlin,2025-01-01 07:54:00
476,1043,1.51412514274614,21.642927601968275,standard,Toronto,2025-01-01 07:55:00
477,1015,7.863631934167225,60.26296663486467,premium,Berlin,2025-01-01 07:56:00
478,1041,7.39241187083201,45.92612542381124,pool,Nairobi,2025-01-01 07:57:00
479,1004,15.173363852911866,34.35427911068799,pool,Nairobi,2025-01-01 07:58:00
480,1044,27.594350914824876,73.02865783411279,standard,Toronto,2025-01-01 07:59:00
481,1012,29.69237926615323,5.411599166288367,standard,Toronto,2025-01-01 08:00:00
482,1025,10.829400575345959,52.65084928056075,standard,Seoul,2025-01-01 08:01:00
483,1047,4.2664606115750905,59.59461828457054,standard,Lima,2025-01-01 08:02:00
484,1026,27.315669730836376,50.024734724588754,premium,Lima,2025-01-01 08:03:00
485,1016,11.651434785638578,46.658890243524795,standard,Seoul,2025-01-01 08:04:00
486,1019,28.143912955079983,58.03916892876565,standard,Berlin,2025-01-01 08:05:00
487,1005,8.39464121417284,22.04347123040118,premium,Lima,2025-01-01 08:06:00
488,1014,3.7805007985327346,48.369198980586546,pool,Toronto,2025-01-01 08:07:00
489,1020,28.408847508079994,29.98856730041152,pool,Nairobi,2025-01-01 08:08:00
490,1038,15.990411696285479,50.7537039988683,premium,Lima,2025-01-01 08:09:00
491,1007,22.13648904829445,41.306218064432215,pool,Seoul,2025-01-01 08:10:00
492,1009,20.854324650512723,12.263937076644542,standard,Lima,2025-01-01 08:11:00
493,1040,10.778422002932398,6.777687143231715,standard,Toronto,2025-01-01 08:12:00
494,1048,17.603045081574383,23.695852224676624,premium,Seoul,2025-01-01 08:13:00
495,1014,7.017446693289996,28.746891286598636,standard,Berlin,2025-01-01 08:14:00
496,1037,17.231565876232548,52.74021365639507,premium,Seoul,2025-01-01 08:15:00
497,1008,21.88115316091571,28.15846295291027,standard,Lima,2025-01-01 08:16:00
498,1042,2.2708558405754253,17.86956177029932,pool,Berlin,2025-01-01 08:17:00
499,1003,19.280549691347275,22.421083114562727,premium,Nairobi,2025-01-01 08:18:00
500,1046,29.306240698859177,50.20179811329558,pool,Toronto,2025-01-01 08:19:00
